model,ROC_AUC,Accuracy,True_Positives,True_Negatives,False_Positives,False_Negatives
Logistic Regression,0.7129244500654358,0.6564936472324896,42661,181483,94320,22962
LASSO,0.7128972007451593,0.6566020162494948,42625,181556,94247,22998
Ridge,0.7129243062454963,0.6564877894477866,42664,181478,94325,22959
Elastic Net,0.7128949747130646,0.6566518074194702,42638,181560,94243,22985
Elastic Net High,0.7060304954123371,0.6581543291957848,41381,183330,92473,24242
Random Forest,0.7202869094703924,0.6458646968889306,44923,175592,100211,20700
XGboost,0.6780443449482939,0.6230046920855471,41868,170842,104961,23755
Bart,0.7217462511147155,0.6432462671266981,45239,174382,101421,20384
